"agegroup","prb"
"0-4",0.024943535158321
"5-9",0.057123732425624
"10-14",0.073845301667721
"15-19",0.023953191839228
"20-24",0.041718293632149
"25-29",0.03264680034222
"30-34",0.090504574277087
"35-39",0.027572531431097
"40-44",0.027305522563935
"45-49",0.054762835860409
"50-54",0.073939121515654
"55-59",0.05389871527854
"60-64",0.063065011463363
"65-69",0.081989520148593
"70-74",0.076934918048419
"75-79",0.006584846397387
"80+",0.048665080904946
