"agegroup","prb"
"0-4",0.003471500405488
"5-9",0.008477383854726
"10-14",0.006518307395338
"15-19",0.009108916495313
"20-24",0.002958170895739
"25-29",0.008244079725526
"30-34",0.009500327735386
"35-39",0.002486785980908
"40-44",0.00963505343954
"45-49",0.002849152184112
"50-54",0.000126370053154
"55-59",9.02218550003E-05
"60-64",0.005534235167931
"65-69",0.000804968972237
"70-74",0.000211637290499
"75-79",0.000980192304262
"80+",0.000245029755116
