"agegroup","prb"
"0-4",0.871588294260235
"5-9",0.933712009604498
"10-14",0.977856168851612
"15-19",0.721526719753586
"20-24",0.120621757548032
"25-29",0.427772242197298
"30-34",0.704229267785331
"35-39",0.736222797867026
"40-44",0.870398596150244
"45-49",0.151896638754312
"50-54",0.428523567219868
"55-59",0.802425465716572
"60-64",0.974802557576242
"65-69",0.504903450639087
"70-74",0.83938641357112
"75-79",0.681943057187719
"80+",0.846534237569367
