"agegroup","prb"
"0-4",0.050538171868032
"5-9",0.630207173678151
"10-14",0.472757371723884
"15-19",0.63810208872406
"20-24",0.28571255319484
"25-29",0.850467301687636
"30-34",0.887246404460126
"35-39",0.655997620189634
"40-44",0.060731014605972
"45-49",0.957688390916053
"50-54",0.29799913140022
"55-59",0.57544490248021
"60-64",0.488135502191818
"65-69",0.625128188851281
"70-74",0.450841792825196
"75-79",0.94822005468216
"80+",0.365372512999462
