"agegroup","prb"
"0-4",0.422601843029511
"5-9",0.853770614753693
"10-14",0.7108909705735
"15-19",0.720665011021377
"20-24",0.782979986957855
"25-29",0.596583576362155
"30-34",0.313032873976027
"35-39",0.841105848528136
"40-44",0.216597361334333
"45-49",0.203389303080703
"50-54",0.081121799274438
"55-59",0.224381793713063
"60-64",0.317758040967789
"65-69",0.969821422063089
"70-74",0.721265255809819
"75-79",0.504098719092976
"80+",0.410623287941019
